,card,score
123,130,3.0
187,195,2.9999999999999996
336,348,2.3333333333333353
30,35,2.2406912341244447
208,216,2.1010205144336433
350,362,2.0
340,352,2.0
113,120,2.0
344,356,2.0
111,118,2.0
