,card,score
344,354,2.9999999999999996
135,139,2.9999999999999996
189,196,2.0
228,235,2.0
219,226,2.0
213,220,2.0
210,217,2.0
209,216,2.0
208,215,2.0
207,214,2.0
